document;titre;article_abroge;occurrences
cmr4b6f3v0000iz56asjmwrlg;Code civil d’Haïti;1253;1
cmr4b6f3v0000iz56asjmwrlg;Code civil d’Haïti;1255;1
cmr4b6f3v0000iz56asjmwrlg;Code civil d’Haïti;1256;2
cmr4b6f3v0000iz56asjmwrlg;Code civil d’Haïti;1263;1
cmr4b6f3v0000iz56asjmwrlg;Code civil d’Haïti;1269;1
cmr4b6f3v0000iz56asjmwrlg;Code civil d’Haïti;1277;1
cmr4b6f3v0000iz56asjmwrlg;Code civil d’Haïti;1281;1
cmr4b6f3v0000iz56asjmwrlg;Code civil d’Haïti;1312;1
cmr4b6f3v0000iz56asjmwrlg;Code civil d’Haïti;1317;1
cmr4b6f3v0000iz56asjmwrlg;Code civil d’Haïti;1321;2
cmr4b6f3v0000iz56asjmwrlg;Code civil d’Haïti;1903;2